Id,Price,SalePrice
1461,114469.88447225929,114469.88447225929
1462,158920.8110046782,158920.8110046782
1463,179713.4921562252,179713.4921562252
1464,200256.80449996365,200256.80449996365
1465,214341.87548324565,214341.87548324565
1466,168270.31500013228,168270.31500013228
1467,176319.6241009109,176319.6241009109
1468,151745.34192300285,151745.34192300285
1469,217353.52280261167,217353.52280261167
1470,106103.55768640694,106103.55768640694
1471,149152.85171833725,149152.85171833725
1472,101112.09982047828,101112.09982047828
1473,89880.39658459864,89880.39658459864
1474,145357.87740530932,145357.87740530932
1475,111351.11972683403,111351.11972683403
1476,381147.78292642743,381147.78292642743
1477,259946.57870544994,259946.57870544994
1478,327875.16061754624,327875.16061754624
1479,313607.52576723706,313607.52576723706
1480,471242.8092709285,471242.8092709285
1481,324694.2866787116,324694.2866787116
1482,222894.22644815035,222894.22644815035
1483,173617.1498240951,173617.1498240951
1484,169103.9716576776,169103.9716576776
1485,187311.58392589915,187311.58392589915
1486,188074.56188278715,188074.56188278715
1487,338472.6210275241,338472.6210275241
1488,222493.27595590398,222493.27595590398
1489,207264.6716925054,207264.6716925054
1490,262727.42971360456,262727.42971360456
1491,199872.5290375461,199872.5290375461
1492,107575.27304907091,107575.27304907091
1493,215102.3238387004,215102.3238387004
1494,272094.13699232624,272094.13699232624
1495,276851.3855023575,276851.3855023575
1496,251294.26173379226,251294.26173379226
1497,169110.53574002854,169110.53574002854
1498,169775.68876028637,169775.68876028637
1499,168334.85841243574,168334.85841243574
1500,147459.93072880304,147459.93072880304
1501,180132.6514000999,180132.6514000999
1502,140395.13182046358,140395.13182046358
1503,328310.2100121897,328310.2100121897
1504,237905.86776683654,237905.86776683654
1505,222260.6698228477,222260.6698228477
1506,194559.6810848235,194559.6810848235
1507,241085.56074802202,241085.56074802202
1508,186762.13572638208,186762.13572638208
1509,154483.8139440287,154483.8139440287
1510,132349.93617970543,132349.93617970543
1511,141122.2749086271,141122.2749086271
1512,173043.08384681935,173043.08384681935
1513,154044.72135231935,154044.72135231935
1514,147641.98521186598,147641.98521186598
1515,226198.05386283185,226198.05386283185
1516,155634.81287093103,155634.81287093103
1517,186794.22971118856,186794.22971118856
1518,119831.56283482676,119831.56283482676
1519,201257.43787799016,201257.43787799016
1520,116971.36707719015,116971.36707719015
1521,130478.64425525103,130478.64425525103
1522,184950.22091868857,184950.22091868857
1523,100176.22651520054,100176.22651520054
1524,136962.89943288345,136962.89943288345
1525,119771.61097713257,119771.61097713257
1526,115968.78414889106,115968.78414889106
1527,98484.22145819869,98484.22145819869
1528,129288.08898108215,129288.08898108215
1529,136261.78592000864,136261.78592000864
1530,223515.99078417543,223515.99078417543
1531,148871.03420460463,148871.03420460463
1532,102646.83925954651,102646.83925954651
1533,143182.2124422343,143182.2124422343
1534,120114.32330200901,120114.32330200901
1535,150659.8251141945,150659.8251141945
1536,104737.16027251816,104737.16027251816
1537,38908.78983691054,38908.78983691054
1538,163832.6526422461,163832.6526422461
1539,217347.07851390372,217347.07851390372
1540,120374.55506101223,120374.55506101223
1541,149939.36160042285,149939.36160042285
1542,157496.18827475153,157496.18827475153
1543,183740.07634620598,183740.07634620598
1544,80087.67172599892,80087.67172599892
1545,125097.43698084711,125097.43698084711
1546,143325.35810969077,143325.35810969077
1547,147389.65112508612,147389.65112508612
1548,158558.7608199585,158558.7608199585
1549,121550.0630248925,121550.0630248925
1550,125300.08423622162,125300.08423622162
1551,106820.78274250902,106820.78274250902
1552,154408.8592083263,154408.8592083263
1553,158181.9133208528,158181.9133208528
1554,117432.43880397444,117432.43880397444
1555,170093.4459828748,170093.4459828748
1556,81616.56705057257,81616.56705057257
1557,113336.94067856784,113336.94067856784
1558,91129.207040782,91129.207040782
1559,120205.10198709257,120205.10198709257
1560,110741.96068558209,110741.96068558209
1561,122338.86437447634,122338.86437447634
1562,124801.30572388505,124801.30572388505
1563,135824.3943387233,135824.3943387233
1564,168836.97294914082,168836.97294914082
1565,154165.14966667054,154165.14966667054
1566,239833.1275982515,239833.1275982515
1567,66424.53080539539,66424.53080539539
1568,210744.57619408032,210744.57619408032
1569,112881.96261856204,112881.96261856204
1570,136313.76516008063,136313.76516008063
1571,92678.03847361426,92678.03847361426
1572,143583.7101271191,143583.7101271191
1573,265190.88124206744,265190.88124206744
1574,136743.3453578169,136743.3453578169
1575,237450.62993752284,237450.62993752284
1576,231554.0416316647,231554.0416316647
1577,192151.84077334992,192151.84077334992
1578,145756.8510064277,145756.8510064277
1579,150183.9139886884,150183.9139886884
1580,193277.82179416623,193277.82179416623
1581,148614.38110404293,148614.38110404293
1582,132043.49919471558,132043.49919471558
1583,260335.07758323176,260335.07758323176
1584,218035.6125073028,218035.6125073028
1585,143317.12596688647,143317.12596688647
1586,55869.29488501672,55869.29488501672
1587,114002.18913084555,114002.18913084555
1588,157545.2002732196,157545.2002732196
1589,97893.39297072007,97893.39297072007
1590,119119.16318301889,119119.16318301889
1591,91606.22928368262,91606.22928368262
1592,120547.07373044237,120547.07373044237
1593,123643.59150549774,123643.59150549774
1594,147166.22848713375,147166.22848713375
1595,106066.07487585836,106066.07487585836
1596,221891.43044438952,221891.43044438952
1597,200976.2906434134,200976.2906434134
1598,221191.86308373144,221191.86308373144
1599,198485.3674225628,198485.3674225628
1600,183050.2673445359,183050.2673445359
1601,61006.4773722297,61006.4773722297
1602,123911.74694281211,123911.74694281211
1603,50258.17067051768,50258.17067051768
1604,279847.0992084717,279847.0992084717
1605,214136.1036673996,214136.1036673996
1606,136879.7565579799,136879.7565579799
1607,162728.7443789695,162728.7443789695
1608,200545.46958745265,200545.46958745265
1609,190581.93851917767,190581.93851917767
1610,156324.89389865403,156324.89389865403
1611,132782.94142728724,132782.94142728724
1612,190843.53664232575,190843.53664232575
1613,152291.25791770412,152291.25791770412
1614,134922.17364587644,134922.17364587644
1615,97835.94213059444,97835.94213059444
1616,64161.89435777136,64161.89435777136
1617,81611.20347544213,81611.20347544213
1618,114069.68230587445,114069.68230587445
1619,126780.25361803646,126780.25361803646
1620,167145.9440595564,167145.9440595564
1621,127572.18751932553,127572.18751932553
1622,149930.2931024493,149930.2931024493
1623,260910.99529122494,260910.99529122494
1624,181534.73409905197,181534.73409905197
1625,113707.54565559156,113707.54565559156
1626,153543.2037207955,153543.2037207955
1627,182056.06919356433,182056.06919356433
1628,275468.70329796255,275468.70329796255
1629,193145.3856842831,193145.3856842831
1630,370486.6306779382,370486.6306779382
1631,266411.2814350163,266411.2814350163
1632,251297.4231586098,251297.4231586098
1633,182794.77957033162,182794.77957033162
1634,179197.2655058685,179197.2655058685
1635,171903.55930593412,171903.55930593412
1636,141183.02173044055,141183.02173044055
1637,187884.2361866032,187884.2361866032
1638,178806.27246458855,178806.27246458855
1639,183610.5356070089,183610.5356070089
1640,247680.2146951869,247680.2146951869
1641,190546.03119068488,190546.03119068488
1642,227791.05567870557,227791.05567870557
1643,219592.485023263,219592.485023263
1644,253918.11529163356,253918.11529163356
1645,219431.5529183965,219431.5529183965
1646,149399.1586359796,149399.1586359796
1647,155491.87182876276,155491.87182876276
1648,126321.9355285315,126321.9355285315
1649,134094.46465004157,134094.46465004157
1650,106616.45141897921,106616.45141897921
1651,111304.70133153541,111304.70133153541
1652,99048.30301930393,99048.30301930393
1653,98065.79770018611,98065.79770018611
1654,153841.22855861223,153841.22855861223
1655,119389.6344491723,119389.6344491723
1656,141024.4829481699,141024.4829481699
1657,163774.4166959984,163774.4166959984
1658,154262.76171538932,154262.76171538932
1659,138256.8661781479,138256.8661781479
1660,140416.278490644,140416.278490644
1661,449838.97016759985,449838.97016759985
1662,379222.73890366184,379222.73890366184
1663,377078.7842378136,377078.7842378136
1664,501775.5234875139,501775.5234875139
1665,327985.7574277228,327985.7574277228
1666,347428.8136087429,347428.8136087429
1667,369725.31566749467,369725.31566749467
1668,347828.74814313545,347828.74814313545
1669,311186.5773858461,311186.5773858461
1670,362615.7857963749,362615.7857963749
1671,268666.9999088741,268666.9999088741
1672,375304.78825221065,375304.78825221065
1673,295871.21476379747,295871.21476379747
1674,239868.80312059956,239868.80312059956
1675,205631.08592779937,205631.08592779937
1676,208434.3412365559,208434.3412365559
1677,220256.49452463782,220256.49452463782
1678,449880.62512599933,449880.62512599933
1679,379733.5642269307,379733.5642269307
1680,354969.19760005246,354969.19760005246
1681,286266.1502885231,286266.1502885231
1682,338011.29273166513,338011.29273166513
1683,193255.13542544548,193255.13542544548
1684,159574.66639339758,159574.66639339758
1685,168707.5334537101,168707.5334537101
1686,171057.10848605557,171057.10848605557
1687,162190.46594726492,162190.46594726492
1688,178597.83178832132,178597.83178832132
1689,180236.26102956128,180236.26102956128
1690,187806.44478477314,187806.44478477314
1691,176799.8805437458,176799.8805437458
1692,259662.07607066404,259662.07607066404
1693,169331.3563445529,169331.3563445529
1694,175858.67486533083,175858.67486533083
1695,161456.56514011993,161456.56514011993
1696,247311.73681879317,247311.73681879317
1697,172962.81225423104,172962.81225423104
1698,333056.5234060336,333056.5234060336
1699,321208.3875816895,321208.3875816895
1700,273001.02616286825,273001.02616286825
1701,281650.6162194329,281650.6162194329
1702,236492.26576445223,236492.26576445223
1703,244919.8197690046,244919.8197690046
1704,256570.5673088476,256570.5673088476
1705,277186.6474509508,277186.6474509508
1706,215897.42142417264,215897.42142417264
1707,245929.14640050996,245929.14640050996
1708,204196.39919354537,204196.39919354537
1709,238821.01755581988,238821.01755581988
1710,230258.562121808,230258.562121808
1711,274754.8434082817,274754.8434082817
1712,261368.12663198716,261368.12663198716
1713,241031.2357525081,241031.2357525081
1714,236918.28466692826,236918.28466692826
1715,213850.88200782306,213850.88200782306
1716,179934.15962458038,179934.15962458038
1717,181128.06450160002,181128.06450160002
1718,150769.29055303478,150769.29055303478
1719,229577.07083630384,229577.07083630384
1720,206636.22094739886,206636.22094739886
1721,143094.75909668652,143094.75909668652
1722,115579.55017533597,115579.55017533597
1723,140725.73652086465,140725.73652086465
1724,207102.7826834815,207102.7826834815
1725,234240.85863785163,234240.85863785163
1726,186892.7789853489,186892.7789853489
1727,136217.66310552534,136217.66310552534
1728,145524.94850940403,145524.94850940403
1729,168274.27120697178,168274.27120697178
1730,170187.00840765052,170187.00840765052
1731,108612.00715238658,108612.00715238658
1732,116295.27549646958,116295.27549646958
1733,113658.45659633947,113658.45659633947
1734,120728.86923830216,120728.86923830216
1735,92661.40866794542,92661.40866794542
1736,95157.48036925767,95157.48036925767
1737,300528.07230132597,300528.07230132597
1738,281116.953867527,281116.953867527
1739,259556.61379145624,259556.61379145624
1740,211473.93370619434,211473.93370619434
1741,181831.2856478377,181831.2856478377
1742,174293.8333713621,174293.8333713621
1743,173041.01871163637,173041.01871163637
1744,357179.02134859504,357179.02134859504
1745,230770.57295827632,230770.57295827632
1746,226824.39315958985,226824.39315958985
1747,243659.2821290287,243659.2821290287
1748,216956.3059419958,216956.3059419958
1749,119784.6916593176,119784.6916593176
1750,133812.9724007067,133812.9724007067
1751,257565.12282475422,257565.12282475422
1752,124750.60224225148,124750.60224225148
1753,158017.61731359488,158017.61731359488
1754,194875.94526901387,194875.94526901387
1755,166913.18585076302,166913.18585076302
1756,128849.97688882373,128849.97688882373
1757,124981.59656969238,124981.59656969238
1758,131679.91644375786,131679.91644375786
1759,184861.73788279804,184861.73788279804
1760,149239.28452121778,149239.28452121778
1761,150039.29510527113,150039.29510527113
1762,191576.90096124122,191576.90096124122
1763,188756.22379511822,188756.22379511822
1764,124630.070418648,124630.070418648
1765,178605.80844975286,178605.80844975286
1766,179687.86497246305,179687.86497246305
1767,217146.03622681327,217146.03622681327
1768,134764.77364592117,134764.77364592117
1769,180568.85409134737,180568.85409134737
1770,146413.24389623338,146413.24389623338
1771,115080.79979672794,115080.79979672794
1772,136911.11596599937,136911.11596599937
1773,125745.03898746884,125745.03898746884
1774,154740.53344890746,154740.53344890746
1775,146680.4894154435,146680.4894154435
1776,139408.47095922803,139408.47095922803
1777,108486.6868933514,108486.6868933514
1778,145016.0234846191,145016.0234846191
1779,133381.38124526496,133381.38124526496
1780,155497.1121247345,155497.1121247345
1781,134624.0315273024,134624.0315273024
1782,60763.07825405348,60763.07825405348
1783,122114.74745681063,122114.74745681063
1784,94335.97913951159,94335.97913951159
1785,115563.81788490739,115563.81788490739
1786,124978.44095084608,124978.44095084608
1787,150260.96310326076,150260.96310326076
1788,43861.73070673368,43861.73070673368
1789,97566.87682257661,97566.87682257661
1790,54814.175673339414,54814.175673339414
1791,178280.56202905474,178280.56202905474
1792,176216.24208790425,176216.24208790425
1793,124421.86955752432,124421.86955752432
1794,162907.77178642756,162907.77178642756
1795,141685.07902057513,141685.07902057513
1796,143354.67699396974,143354.67699396974
1797,116113.50065022704,116113.50065022704
1798,112585.77841939009,112585.77841939009
1799,99439.83981144839,99439.83981144839
1800,113613.62474789433,113613.62474789433
1801,109800.38789925857,109800.38789925857
1802,114772.30677447405,114772.30677447405
1803,151285.67019749765,151285.67019749765
1804,137708.68487319342,137708.68487319342
1805,127195.061689597,127195.061689597
1806,131508.62293441882,131508.62293441882
1807,135848.06304085877,135848.06304085877
1808,117146.48465106757,117146.48465106757
1809,131962.33117914957,131962.33117914957
1810,139310.5435414397,139310.5435414397
1811,125783.8519730982,125783.8519730982
1812,108994.0190731069,108994.0190731069
1813,152296.30662012383,152296.30662012383
1814,85869.51987501045,85869.51987501045
1815,48964.350761059075,48964.350761059075
1816,110031.3363126959,110031.3363126959
1817,101433.36829245547,101433.36829245547
1818,142281.1382229269,142281.1382229269
1819,98041.44664976984,98041.44664976984
1820,52573.74579083329,52573.74579083329
1821,101794.78638509009,101794.78638509009
1822,132888.67107626508,132888.67107626508
1823,60236.03724273006,60236.03724273006
1824,131518.60111890512,131518.60111890512
1825,150535.44763555523,150535.44763555523
1826,102646.93173144017,102646.93173144017
1827,104870.37890318377,104870.37890318377
1828,141270.47071341146,141270.47071341146
1829,115567.34061622617,115567.34061622617
1830,149703.0807755738,149703.0807755738
1831,179532.40367289778,179532.40367289778
1832,92758.92336055584,92758.92336055584
1833,157393.23278054834,157393.23278054834
1834,109726.05500950462,109726.05500950462
1835,117884.65101575991,117884.65101575991
1836,136351.8237833216,136351.8237833216
1837,102961.01637464951,102961.01637464951
1838,140188.14899423192,140188.14899423192
1839,79231.67239048707,79231.67239048707
1840,157591.91874379176,157591.91874379176
1841,151711.06440265744,151711.06440265744
1842,38471.927182424435,38471.927182424435
1843,139079.4061898966,139079.4061898966
1844,158372.88806582047,158372.88806582047
1845,135817.44493239297,135817.44493239297
1846,143945.3178787488,143945.3178787488
1847,171112.96339647888,171112.96339647888
1848,42152.25500699028,42152.25500699028
1849,128360.20740808002,128360.20740808002
1850,118763.59461681459,118763.59461681459
1851,158312.25952197603,158312.25952197603
1852,127103.89809423615,127103.89809423615
1853,121768.89140012489,121768.89140012489
1854,174629.1709296668,174629.1709296668
1855,167349.55207493453,167349.55207493453
1856,220167.1932274741,220167.1932274741
1857,131256.8167677457,131256.8167677457
1858,135670.99461019126,135670.99461019126
1859,112613.21490770277,112613.21490770277
1860,147772.01767794802,147772.01767794802
1861,111125.65019358149,111125.65019358149
1862,314175.10160056467,314175.10160056467
1863,303651.05459191126,303651.05459191126
1864,303681.87753479823,303681.87753479823
1865,367985.6403524468,367985.6403524468
1866,326703.7555539758,326703.7555539758
1867,203608.62897745558,203608.62897745558
1868,294390.6111868173,294390.6111868173
1869,208015.67116280846,208015.67116280846
1870,215914.09562147543,215914.09562147543
1871,279663.4056097275,279663.4056097275
1872,174316.25124994648,174316.25124994648
1873,223638.34179953113,223638.34179953113
1874,144414.87255584943,144414.87255584943
1875,204553.63888520026,204553.63888520026
1876,200468.89827897836,200468.89827897836
1877,201453.91712404066,201453.91712404066
1878,206592.64818456338,206592.64818456338
1879,144542.4209926651,144542.4209926651
1880,130082.90301475141,130082.90301475141
1881,229118.94216026476,229118.94216026476
1882,235373.7572135654,235373.7572135654
1883,181413.57025546735,181413.57025546735
1884,201889.5475391784,201889.5475391784
1885,236534.9156979106,236534.9156979106
1886,303778.0232782549,303778.0232782549
1887,212044.85595661795,212044.85595661795
1888,242181.703216138,242181.703216138
1889,167682.84811456274,167682.84811456274
1890,126188.73898020097,126188.73898020097
1891,121764.66532865123,121764.66532865123
1892,84382.33262084922,84382.33262084922
1893,132887.78716597054,132887.78716597054
1894,119862.67867872216,119862.67867872216
1895,159354.25402007753,159354.25402007753
1896,130858.91137299,130858.91137299
1897,115108.00240123391,115108.00240123391
1898,97062.57847665426,97062.57847665426
1899,156351.01157945825,156351.01157945825
1900,151662.20864963383,151662.20864963383
1901,204458.70098096345,204458.70098096345
1902,173848.0987700416,173848.0987700416
1903,233503.50378377154,233503.50378377154
1904,155694.04072566956,155694.04072566956
1905,191817.63243556395,191817.63243556395
1906,175650.0537698311,175650.0537698311
1907,228311.730454921,228311.730454921
1908,106937.8788562791,106937.8788562791
1909,129644.64001463632,129644.64001463632
1910,115093.29298057151,115093.29298057151
1911,230022.49318226986,230022.49318226986
1912,318886.31135595555,318886.31135595555
1913,148058.66073311935,148058.66073311935
1914,70406.63494844761,70406.63494844761
1915,334621.11722611776,334621.11722611776
1916,34695.4885954584,34695.4885954584
1917,218461.08690497428,218461.08690497428
1918,135934.13947264507,135934.13947264507
1919,168192.76833831478,168192.76833831478
1920,173944.1644454427,173944.1644454427
1921,351649.44211394415,351649.44211394415
1922,329456.4735624379,329456.4735624379
1923,247595.84189970343,247595.84189970343
1924,229196.8462335359,229196.8462335359
1925,212289.4355961509,212289.4355961509
1926,364371.74664466106,364371.74664466106
1927,124319.01945310952,124319.01945310952
1928,158222.66106883707,158222.66106883707
1929,124632.63502047388,124632.63502047388
1930,134216.71230058614,134216.71230058614
1931,126089.08857122996,126089.08857122996
1932,131900.96069603306,131900.96069603306
1933,192828.62457280047,192828.62457280047
1934,180072.96576053766,180072.96576053766
1935,165458.93930843382,165458.93930843382
1936,210871.8090132889,210871.8090132889
1937,181761.6561661341,181761.6561661341
1938,169044.89897655864,169044.89897655864
1939,304019.1376802875,304019.1376802875
1940,201863.47511289705,201863.47511289705
1941,167724.29301290933,167724.29301290933
1942,171091.57447494473,171091.57447494473
1943,249523.92792849193,249523.92792849193
1944,382780.0324970152,382780.0324970152
1945,414050.1140388582,414050.1140388582
1946,142464.22837754557,142464.22837754557
1947,149615.47522699906,149615.47522699906
1948,184262.1007060666,184262.1007060666
1949,205523.4692904462,205523.4692904462
1950,177840.7478381038,177840.7478381038
1951,241333.10501999757,241333.10501999757
1952,203871.60128475205,203871.60128475205
1953,157046.32221740464,157046.32221740464
1954,192521.2428611975,192521.2428611975
1955,133258.73704231938,133258.73704231938
1956,269003.27235441504,269003.27235441504
1957,157697.64836796292,157697.64836796292
1958,242035.08044640106,242035.08044640106
1959,132269.8324035558,132269.8324035558
1960,100325.93306832519,100325.93306832519
1961,123566.27872401898,123566.27872401898
1962,93474.92260116656,93474.92260116656
1963,105442.74549709035,105442.74549709035
1964,105764.03186963852,105764.03186963852
1965,138751.71644903184,138751.71644903184
1966,149091.51225145356,149091.51225145356
1967,324615.9759954651,324615.9759954651
1968,389050.10889944655,389050.10889944655
1969,399322.6214216533,399322.6214216533
1970,396319.28795448516,396319.28795448516
1971,453401.61507898103,453401.61507898103
1972,358091.9202266659,358091.9202266659
1973,330139.2107716879,330139.2107716879
1974,331274.49940345425,331274.49940345425
1975,497692.8107763801,497692.8107763801
1976,275546.9773231029,275546.9773231029
1977,358448.14799955045,358448.14799955045
1978,371092.85748491413,371092.85748491413
1979,323119.44140068523,323119.44140068523
1980,226991.1508988911,226991.1508988911
1981,347204.3556416448,347204.3556416448
1982,229077.22373870062,229077.22373870062
1983,225705.8433219068,225705.8433219068
1984,185980.89702404637,185980.89702404637
1985,212554.2215968613,212554.2215968613
1986,191639.94721856253,191639.94721856253
1987,216732.41753329552,216732.41753329552
1988,163294.35251782602,163294.35251782602
1989,185787.29416515588,185787.29416515588
1990,202120.53427199568,202120.53427199568
1991,237929.21454316052,237929.21454316052
1992,219163.4905349844,219163.4905349844
1993,156827.86831364647,156827.86831364647
1994,228395.7404128863,228395.7404128863
1995,177750.9485297604,177750.9485297604
1996,263745.9255647691,263745.9255647691
1997,294240.82489008864,294240.82489008864
1998,302902.4350232576,302902.4350232576
1999,324857.56589656894,324857.56589656894
2000,310276.847547331,310276.847547331
2001,266175.13958956377,266175.13958956377
2002,253545.09122936364,253545.09122936364
2003,237528.96487107038,237528.96487107038
2004,284549.4959153403,284549.4959153403
2005,260804.53257776677,260804.53257776677
2006,240330.24876657967,240330.24876657967
2007,241599.5672720735,241599.5672720735
2008,232196.39269271007,232196.39269271007
2009,212710.29953167285,212710.29953167285
2010,194146.9940511924,194146.9940511924
2011,136734.1264601163,136734.1264601163
2012,172622.1819307049,172622.1819307049
2013,183792.98344779224,183792.98344779224
2014,189181.4677833468,189181.4677833468
2015,219162.81757490526,219162.81757490526
2016,192136.11116803065,192136.11116803065
2017,210309.4194875628,210309.4194875628
2018,97896.49237706415,97896.49237706415
2019,123701.43575867866,123701.43575867866
2020,71454.32218965118,71454.32218965118
2021,93970.70690394231,93970.70690394231
2022,223009.60986215007,223009.60986215007
2023,146858.0339266469,146858.0339266469
2024,305094.54662027094,305094.54662027094
2025,361584.3736333386,361584.3736333386
2026,183413.18077308094,183413.18077308094
2027,155553.57674436417,155553.57674436417
2028,155166.14394334226,155166.14394334226
2029,165973.2532450434,165973.2532450434
2030,240317.74723455127,240317.74723455127
2031,247098.27520759217,247098.27520759217
2032,248092.29360133852,248092.29360133852
2033,221936.84621348797,221936.84621348797
2034,168211.09520360263,168211.09520360263
2035,236846.37496127177,236846.37496127177
2036,190654.4797776101,190654.4797776101
2037,192074.32198501535,192074.32198501535
2038,301196.24131544464,301196.24131544464
2039,221350.32966785817,221350.32966785817
2040,334852.8801729374,334852.8801729374
2041,298655.5562741607,298655.5562741607
2042,210042.71389785953,210042.71389785953
2043,166405.88840633346,166405.88840633346
2044,181652.81095359713,181652.81095359713
2045,203206.8847087914,203206.8847087914
2046,134763.22577954983,134763.22577954983
2047,122266.34236466755,122266.34236466755
2048,128630.48705973492,128630.48705973492
2049,131236.99938418105,131236.99938418105
2050,159378.96907792694,159378.96907792694
2051,109174.4120964321,109174.4120964321
2052,113825.62124289424,113825.62124289424
2053,142304.56054541632,142304.56054541632
2054,80438.86439668736,80438.86439668736
2055,167136.5167581435,167136.5167581435
2056,141938.80522926786,141938.80522926786
2057,98922.13764597353,98922.13764597353
2058,195853.57445342588,195853.57445342588
2059,129974.682033583,129974.682033583
2060,180090.0078122703,180090.0078122703
2061,161882.65242182126,161882.65242182126
2062,115205.71381746918,115205.71381746918
2063,114055.49976179613,114055.49976179613
2064,134606.81912053857,134606.81912053857
2065,72929.3694236298,72929.3694236298
2066,187321.53649401036,187321.53649401036
2067,139963.1020321711,139963.1020321711
2068,150110.13169950817,150110.13169950817
2069,87602.10250837554,87602.10250837554
2070,110055.74082096686,110055.74082096686
2071,98690.29043102394,98690.29043102394
2072,112739.76679509813,112739.76679509813
2073,118074.25741146407,118074.25741146407
2074,143007.37886856403,143007.37886856403
2075,150015.15734555363,150015.15734555363
2076,115692.55135523042,115692.55135523042
2077,135400.97831424602,135400.97831424602
2078,108937.25259777778,108937.25259777778
2079,134042.76678796727,134042.76678796727
2080,123026.85560020915,123026.85560020915
2081,119179.10283968228,119179.10283968228
2082,127385.91382421988,127385.91382421988
2083,160764.72524583724,160764.72524583724
2084,101155.36213853408,101155.36213853408
2085,123915.60775659067,123915.60775659067
2086,144545.54073477205,144545.54073477205
2087,112145.43069293941,112145.43069293941
2088,85280.35141433928,85280.35141433928
2089,73300.34474697598,73300.34474697598
2090,112281.31087388068,112281.31087388068
2091,101811.6484958381,101811.6484958381
2092,143643.53635188704,143643.53635188704
2093,147040.20973866477,147040.20973866477
2094,113906.87237514585,113906.87237514585
2095,143644.79501674426,143644.79501674426
2096,79543.07080194124,79543.07080194124
2097,84865.65870086383,84865.65870086383
2098,135517.5529970165,135517.5529970165
2099,36488.875626132634,36488.875626132634
2100,84610.32069206059,84610.32069206059
2101,112124.65951106537,112124.65951106537
2102,137808.4083555498,137808.4083555498
2103,98759.76131922088,98759.76131922088
2104,152262.98853236105,152262.98853236105
2105,136363.69873040277,136363.69873040277
2106,52649.455178568736,52649.455178568736
2107,193097.08983993815,193097.08983993815
2108,126606.97002115022,126606.97002115022
2109,113397.11583340402,113397.11583340402
2110,125506.01388168341,125506.01388168341
2111,151395.9895082838,151395.9895082838
2112,149453.50185685142,149453.50185685142
2113,120415.3171784386,120415.3171784386
2114,118156.47636060415,118156.47636060415
2115,174177.38015616935,174177.38015616935
2116,109598.86798681167,109598.86798681167
2117,159916.15368051987,159916.15368051987
2118,124891.25207119407,124891.25207119407
2119,118362.50396822719,118362.50396822719
2120,95820.09099267994,95820.09099267994
2121,87799.49898163162,87799.49898163162
2122,124441.20259088774,124441.20259088774
2123,98799.37348694008,98799.37348694008
2124,181929.59278159536,181929.59278159536
2125,131402.32789228635,131402.32789228635
2126,138081.68507787868,138081.68507787868
2127,173919.94361637396,173919.94361637396
2128,136943.78362570555,136943.78362570555
2129,35842.91864724792,35842.91864724792
2130,140471.04643372996,140471.04643372996
2131,123561.05287085997,123561.05287085997
2132,119136.87807921879,119136.87807921879
2133,120822.65023967596,120822.65023967596
2134,127569.96143745923,127569.96143745923
2135,83338.91897635761,83338.91897635761
2136,71875.57914969082,71875.57914969082
2137,104465.22807188383,104465.22807188383
2138,128955.1119290062,128955.1119290062
2139,126010.2121438369,126010.2121438369
2140,138972.40496582352,138972.40496582352
2141,189558.08593230502,189558.08593230502
2142,123808.62732768354,123808.62732768354
2143,157971.09964045553,157971.09964045553
2144,79760.37549686075,79760.37549686075
2145,142662.00822133874,142662.00822133874
2146,193048.58087553573,193048.58087553573
2147,129125.37079029056,129125.37079029056
2148,141494.57937037508,141494.57937037508
2149,131589.46722268302,131589.46722268302
2150,253123.53445888328,253123.53445888328
2151,108195.82073733982,108195.82073733982
2152,186267.2971084363,186267.2971084363
2153,182389.3691794027,182389.3691794027
2154,127845.7927042314,127845.7927042314
2155,138803.62522516891,138803.62522516891
2156,271354.6022410677,271354.6022410677
2157,224772.2217000298,224772.2217000298
2158,247021.5934343714,247021.5934343714
2159,229665.05483516128,229665.05483516128
2160,189124.78942616488,189124.78942616488
2161,215854.4602619066,215854.4602619066
2162,335214.7946028359,335214.7946028359
2163,369242.5934818311,369242.5934818311
2164,226625.22039342832,226625.22039342832
2165,199789.01239174738,199789.01239174738
2166,157683.48084685853,157683.48084685853
2167,219601.36801896413,219601.36801896413
2168,207623.22743719962,207623.22743719962
2169,194995.71542886444,194995.71542886444
2170,211279.0245755825,211279.0245755825
2171,154490.53710482124,154490.53710482124
2172,139442.66244950704,139442.66244950704
2173,221256.20239567105,221256.20239567105
2174,217650.27425705382,217650.27425705382
2175,254937.9770723431,254937.9770723431
2176,308481.15980630775,308481.15980630775
2177,237126.2115918676,237126.2115918676
2178,211039.68076600743,211039.68076600743
2179,129047.85705170332,129047.85705170332
2180,229817.19560804463,229817.19560804463
2181,201601.01960899727,201601.01960899727
2182,220197.5227618263,220197.5227618263
2183,204293.10282733946,204293.10282733946
2184,127243.50526049553,127243.50526049553
2185,127474.99627017215,127474.99627017215
2186,147785.3767741908,147785.3767741908
2187,128089.12689652921,128089.12689652921
2188,161674.79342810833,161674.79342810833
2189,341131.1739371172,341131.1739371172
2190,103891.93685079362,103891.93685079362
2191,81653.5348480134,81653.5348480134
2192,90641.39199472504,90641.39199472504
2193,111844.3395974555,111844.3395974555
2194,100937.32821291909,100937.32821291909
2195,87662.0816874415,87662.0816874415
2196,118460.92230887324,118460.92230887324
2197,120672.89163373053,120672.89163373053
2198,168631.56450617517,168631.56450617517
2199,172918.57283281605,172918.57283281605
2200,167544.7018710674,167544.7018710674
2201,146034.96586640048,146034.96586640048
2202,207931.3567964298,207931.3567964298
2203,127926.84159713624,127926.84159713624
2204,197754.53875326237,197754.53875326237
2205,127380.68886565509,127380.68886565509
2206,171295.7293871309,171295.7293871309
2207,211215.68857105655,211215.68857105655
2208,266713.00925604196,266713.00925604196
2209,250370.06923418806,250370.06923418806
2210,127954.67391762549,127954.67391762549
2211,124693.05189271965,124693.05189271965
2212,116762.39447949403,116762.39447949403
2213,97994.61349135259,97994.61349135259
2214,157056.7908383865,157056.7908383865
2215,99336.43416919229,99336.43416919229
2216,168993.33943585743,168993.33943585743
2217,43589.6139615647,43589.6139615647
2218,79596.2579101642,79596.2579101642
2219,21749.14924712006,21749.14924712006
2220,28642.003101812195,28642.003101812195
2221,334294.387862662,334294.387862662
2222,279691.5432605237,279691.5432605237
2223,279309.80759896466,279309.80759896466
2224,184964.62759560975,184964.62759560975
2225,119655.01614838194,119655.01614838194
2226,167175.38819341114,167175.38819341114
2227,185095.64675668615,185095.64675668615
2228,284601.21076224535,284601.21076224535
2229,253871.32600078252,253871.32600078252
2230,156644.18426294127,156644.18426294127
2231,211604.53108907948,211604.53108907948
2232,180055.4112290842,180055.4112290842
2233,169996.73960876165,169996.73960876165
2234,256797.0516352016,256797.0516352016
2235,232184.60432594712,232184.60432594712
2236,244459.16660441097,244459.16660441097
2237,288729.7975412358,288729.7975412358
2238,177085.4832505934,177085.4832505934
2239,107857.21756103016,107857.21756103016
2240,155073.4898494995,155073.4898494995
2241,121316.14963863397,121316.14963863397
2242,118776.74369815804,118776.74369815804
2243,125084.69671646133,125084.69671646133
2244,104116.51356179953,104116.51356179953
2245,112953.35856907639,112953.35856907639
2246,137107.38164097097,137107.38164097097
2247,133778.27742584294,133778.27742584294
2248,130678.74718393305,130678.74718393305
2249,113929.1682352481,113929.1682352481
2250,117162.61365724815,117162.61365724815
2251,132924.14716186043,132924.14716186043
2252,183788.24280365024,183788.24280365024
2253,154519.57149478252,154519.57149478252
2254,188192.47388058214,188192.47388058214
2255,182005.06331922705,182005.06331922705
2256,171630.79125386046,171630.79125386046
2257,205795.5939665588,205795.5939665588
2258,149755.13133288146,149755.13133288146
2259,170313.31321105952,170313.31321105952
2260,114772.93312792585,114772.93312792585
2261,225951.6595693318,225951.6595693318
2262,243132.99124673166,243132.99124673166
2263,365936.33029977174,365936.33029977174
2264,502853.2616309449,502853.2616309449
2265,199814.88849304902,199814.88849304902
2266,318936.7238991337,318936.7238991337
2267,391895.0344882249,391895.0344882249
2268,464687.3925105424,464687.3925105424
2269,162610.70686211475,162610.70686211475
2270,174310.07513921312,174310.07513921312
2271,203434.2087050146,203434.2087050146
2272,167728.84007179993,167728.84007179993
2273,149707.92547974523,149707.92547974523
2274,170317.118474908,170317.118474908
2275,169098.48756866294,169098.48756866294
2276,193513.00580262218,193513.00580262218
2277,180008.87012351255,180008.87012351255
2278,163764.9472146583,163764.9472146583
2279,107505.24704591984,107505.24704591984
2280,114698.52745583022,114698.52745583022
2281,137220.26927650417,137220.26927650417
2282,153444.1095270997,153444.1095270997
2283,111585.43936547154,111585.43936547154
2284,95374.18631608713,95374.18631608713
2285,164027.683422594,164027.683422594
2286,126531.88383054751,126531.88383054751
2287,395534.41294065234,395534.41294065234
2288,297816.68960416655,297816.68960416655
2289,358743.6735895643,358743.6735895643
2290,442435.03649546066,442435.03649546066
2291,359455.627785381,359455.627785381
2292,441316.2717268645,441316.2717268645
2293,462993.14885390014,462993.14885390014
2294,388654.0277940646,388654.0277940646
2295,451430.6886731521,451430.6886731521
2296,295499.16401522886,295499.16401522886
2297,405166.6495074668,405166.6495074668
2298,375047.81243019726,375047.81243019726
2299,326016.10173839645,326016.10173839645
2300,341830.38691279595,341830.38691279595
2301,333606.4865222875,333606.4865222875
2302,254100.34014778523,254100.34014778523
2303,272943.7659646753,272943.7659646753
2304,266325.96096913645,266325.96096913645
2305,214325.8629696759,214325.8629696759
2306,198255.77350760816,198255.77350760816
2307,207150.6816157018,207150.6816157018
2308,222034.04218175396,222034.04218175396
2309,312512.340992311,312512.340992311
2310,244402.0067154467,244402.0067154467
2311,216810.4120206767,216810.4120206767
2312,173267.76229650932,173267.76229650932
2313,159193.68209172843,159193.68209172843
2314,179009.0965142776,179009.0965142776
2315,176785.56238711468,176785.56238711468
2316,192303.94457359414,192303.94457359414
2317,195779.03370285052,195779.03370285052
2318,185070.77231743457,185070.77231743457
2319,186544.29340551782,186544.29340551782
2320,184163.3236996472,184163.3236996472
2321,228602.73129181413,228602.73129181413
2322,202457.9864685353,202457.9864685353
2323,200063.58321977686,200063.58321977686
2324,190843.35535978506,190843.35535978506
2325,213857.73400320404,213857.73400320404
2326,169202.92373351476,169202.92373351476
2327,195582.6310886001,195582.6310886001
2328,221505.11125097016,221505.11125097016
2329,185417.6890754531,185417.6890754531
2330,172607.928204908,172607.928204908
2331,331621.43705909996,331621.43705909996
2332,406102.42566606984,406102.42566606984
2333,315377.8457390006,315377.8457390006
2334,271230.7423389348,271230.7423389348
2335,311816.7133984845,311816.7133984845
2336,298884.3602327805,298884.3602327805
2337,207101.187286718,207101.187286718
2338,250299.39266068317,250299.39266068317
2339,242385.3135159982,242385.3135159982
2340,389710.75408797,389710.75408797
2341,220430.71908887796,220430.71908887796
2342,243147.131284324,243147.131284324
2343,229512.2105660001,229512.2105660001
2344,225999.97492087138,225999.97492087138
2345,223871.63244074845,223871.63244074845
2346,232870.0739520366,232870.0739520366
2347,206631.81991799248,206631.81991799248
2348,271277.8224836361,271277.8224836361
2349,196115.26905024739,196115.26905024739
2350,312938.69776597805,312938.69776597805
2351,277470.1058339349,277470.1058339349
2352,249263.93333431907,249263.93333431907
2353,256643.67505462328,256643.67505462328
2354,167748.7896774873,167748.7896774873
2355,151547.38148993318,151547.38148993318
2356,136009.4132563583,136009.4132563583
2357,185646.38894748967,185646.38894748967
2358,201108.4575446655,201108.4575446655
2359,129503.2175794298,129503.2175794298
2360,111776.83120183776,111776.83120183776
2361,147055.6399841638,147055.6399841638
2362,280658.3475213632,280658.3475213632
2363,133427.2543181892,133427.2543181892
2364,129539.5846711636,129539.5846711636
2365,207194.54218710496,207194.54218710496
2366,204583.00852929676,204583.00852929676
2367,230025.19798039497,230025.19798039497
2368,222580.47350443798,222580.47350443798
2369,217287.6563630534,217287.6563630534
2370,161220.7405260176,161220.7405260176
2371,164333.51752626602,164333.51752626602
2372,192101.54599898966,192101.54599898966
2373,313519.96324638685,313519.96324638685
2374,330125.7224470881,330125.7224470881
2375,247858.93154419598,247858.93154419598
2376,298149.98560454056,298149.98560454056
2377,332712.8013423783,332712.8013423783
2378,129380.01025881132,129380.01025881132
2379,201009.96054166026,201009.96054166026
2380,154711.66489135879,154711.66489135879
2381,168441.8429976579,168441.8429976579
2382,215906.47995086497,215906.47995086497
2383,194390.90650779498,194390.90650779498
2384,231552.38231227922,231552.38231227922
2385,143343.94524241582,143343.94524241582
2386,124947.40855338196,124947.40855338196
2387,124018.43008336346,124018.43008336346
2388,84831.0184893247,84831.0184893247
2389,128819.98271661841,128819.98271661841
2390,146228.2338867978,146228.2338867978
2391,138268.27219070093,138268.27219070093
2392,117521.3286443676,117521.3286443676
2393,162251.16391085714,162251.16391085714
2394,149819.43094356422,149819.43094356422
2395,201311.6379758095,201311.6379758095
2396,144385.31437323953,144385.31437323953
2397,199516.15019326878,199516.15019326878
2398,121985.97548320449,121985.97548320449
2399,72646.63798697953,72646.63798697953
2400,45346.34406255036,45346.34406255036
2401,150906.95335983354,150906.95335983354
2402,152386.21817124146,152386.21817124146
2403,134006.09058334833,134006.09058334833
2404,165906.5667851905,165906.5667851905
2405,141786.7946499902,141786.7946499902
2406,132277.31309635818,132277.31309635818
2407,130850.35324209025,130850.35324209025
2408,138531.4663700979,138531.4663700979
2409,115775.55610360335,115775.55610360335
2410,187755.57581317972,187755.57581317972
2411,111150.08996711511,111150.08996711511
2412,156926.78966251446,156926.78966251446
2413,123918.24991416272,123918.24991416272
2414,174713.0512311555,174713.0512311555
2415,128650.11434891752,128650.11434891752
2416,138826.41093649145,138826.41093649145
2417,151377.87001499487,151377.87001499487
2418,143235.89600281807,143235.89600281807
2419,122847.7549880044,122847.7549880044
2420,122055.8424408584,122055.8424408584
2421,201679.8304731829,201679.8304731829
2422,105021.2137707674,105021.2137707674
2423,112207.10013155059,112207.10013155059
2424,125373.09068932515,125373.09068932515
2425,238494.83641312792,238494.83641312792
2426,130257.24515792348,130257.24515792348
2427,130866.11218416702,130866.11218416702
2428,204100.9934498248,204100.9934498248
2429,113343.47628947857,113343.47628947857
2430,120830.11116984827,120830.11116984827
2431,108609.19963227255,108609.19963227255
2432,139037.03235811723,139037.03235811723
2433,138384.96432478772,138384.96432478772
2434,132850.2840181951,132850.2840181951
2435,147911.4208357214,147911.4208357214
2436,96230.9181288738,96230.9181288738
2437,122906.09420060366,122906.09420060366
2438,111874.91812056227,111874.91812056227
2439,89280.73653036983,89280.73653036983
2440,123150.41921464226,123150.41921464226
2441,93263.37967696422,93263.37967696422
2442,88194.88130123215,88194.88130123215
2443,140623.754352238,140623.754352238
2444,123549.86385208459,123549.86385208459
2445,70820.81057554776,70820.81057554776
2446,135722.77214806894,135722.77214806894
2447,183917.37278954385,183917.37278954385
2448,140373.1019003449,140373.1019003449
2449,109739.7506537532,109739.7506537532
2450,150742.32726617673,150742.32726617673
2451,142618.11149882508,142618.11149882508
2452,200749.15676804687,200749.15676804687
2453,90344.64772021868,90344.64772021868
2454,124383.59131552512,124383.59131552512
2455,124808.24830957566,124808.24830957566
2456,139545.90909869774,139545.90909869774
2457,137924.05739799608,137924.05739799608
2458,138819.70021432755,138819.70021432755
2459,120339.22342274571,120339.22342274571
2460,142586.67891886597,142586.67891886597
2461,134764.54037573637,134764.54037573637
2462,129935.69561070169,129935.69561070169
2463,126632.52550152854,126632.52550152854
2464,187916.44575222334,187916.44575222334
2465,140697.92258163195,140697.92258163195
2466,105281.99107937868,105281.99107937868
2467,116966.19823492273,116966.19823492273
2468,89673.28836003364,89673.28836003364
2469,85213.21889779187,85213.21889779187
2470,214329.48978899722,214329.48978899722
2471,238195.41616800224,238195.41616800224
2472,180736.2258135096,180736.2258135096
2473,126013.05973013934,126013.05973013934
2474,80849.71987350643,80849.71987350643
2475,230779.0530335964,230779.0530335964
2476,115015.06508544051,115015.06508544051
2477,120582.00164731807,120582.00164731807
2478,163979.38500995253,163979.38500995253
2479,94710.07520305403,94710.07520305403
2480,151292.53824121662,151292.53824121662
2481,118621.36229243585,118621.36229243585
2482,122970.64171803284,122970.64171803284
2483,103905.25806597383,103905.25806597383
2484,115753.75222610553,115753.75222610553
2485,141398.55400293975,141398.55400293975
2486,147637.63432135858,147637.63432135858
2487,204661.83483014925,204661.83483014925
2488,176719.57811067128,176719.57811067128
2489,148591.47151267368,148591.47151267368
2490,137128.48256926826,137128.48256926826
2491,95713.5356409393,95713.5356409393
2492,194562.93105687678,194562.93105687678
2493,154797.96168524242,154797.96168524242
2494,164055.61328398113,164055.61328398113
2495,103547.06721559871,103547.06721559871
2496,245718.71523889323,245718.71523889323
2497,166586.64005446242,166586.64005446242
2498,101993.2140950004,101993.2140950004
2499,91327.57121308745,91327.57121308745
2500,115456.26860046091,115456.26860046091
2501,141397.96088235,141397.96088235
2502,122597.38608802635,122597.38608802635
2503,110683.52894533935,110683.52894533935
2504,268270.6347457409,268270.6347457409
2505,214684.93688180583,214684.93688180583
2506,241135.5838847361,241135.5838847361
2507,283754.6207712848,283754.6207712848
2508,235192.7309682799,235192.7309682799
2509,212493.34687360277,212493.34687360277
2510,218186.49016446265,218186.49016446265
2511,173942.23240732675,173942.23240732675
2512,218976.58059238433,218976.58059238433
2513,215394.76223798346,215394.76223798346
2514,301752.88907982595,301752.88907982595
2515,157432.41411982125,157432.41411982125
2516,172721.8317297607,172721.8317297607
2517,159772.46315452363,159772.46315452363
2518,157170.23241960848,157170.23241960848
2519,254918.2784779972,254918.2784779972
2520,211894.9621973968,211894.9621973968
2521,184119.86404881612,184119.86404881612
2522,219632.31584807578,219632.31584807578
2523,118661.12037201012,118661.12037201012
2524,128306.31133387212,128306.31133387212
2525,125593.7491737545,125593.7491737545
2526,151852.4663804503,151852.4663804503
2527,126571.72258429437,126571.72258429437
2528,120581.3617704867,120581.3617704867
2529,138600.39695718317,138600.39695718317
2530,129391.73725981831,129391.73725981831
2531,257114.5335503459,257114.5335503459
2532,219147.86518369196,219147.86518369196
2533,197535.66038483952,197535.66038483952
2534,250452.24941148085,250452.24941148085
2535,266499.69126162725,266499.69126162725
2536,247824.5329533659,247824.5329533659
2537,261833.02691169272,261833.02691169272
2538,187650.75107928133,187650.75107928133
2539,190233.40385864893,190233.40385864893
2540,187676.50634074595,187676.50634074595
2541,172194.49361260905,172194.49361260905
2542,159325.827636804,159325.827636804
2543,111394.84358087536,111394.84358087536
2544,118037.60510104753,118037.60510104753
2545,129819.88644508636,129819.88644508636
2546,134025.0634755478,134025.0634755478
2547,144981.1386060139,144981.1386060139
2548,165139.80842330327,165139.80842330327
2549,149410.1814281793,149410.1814281793
2550,626096.9674279112,626096.9674279112
2551,150842.85405165172,150842.85405165172
2552,147412.49523981413,147412.49523981413
2553,78986.1280915555,78986.1280915555
2554,92740.26975894067,92740.26975894067
2555,107523.7938001939,107523.7938001939
2556,88240.07299783453,88240.07299783453
2557,98169.30147326567,98169.30147326567
2558,179377.96571615926,179377.96571615926
2559,166572.08310350045,166572.08310350045
2560,176317.8572170733,176317.8572170733
2561,155185.10326428514,155185.10326428514
2562,149049.52946920574,149049.52946920574
2563,155444.25600760715,155444.25600760715
2564,182953.77477708546,182953.77477708546
2565,180637.96561471024,180637.96561471024
2566,159432.97910438068,159432.97910438068
2567,135928.22963156045,135928.22963156045
2568,224036.79778104075,224036.79778104075
2569,236783.9488951328,236783.9488951328
2570,119644.08194086779,119644.08194086779
2571,191191.07021759,191191.07021759
2572,183129.3864292618,183129.3864292618
2573,228761.72086513374,228761.72086513374
2574,350701.4846704037,350701.4846704037
2575,135312.62776780577,135312.62776780577
2576,161881.26884242665,161881.26884242665
2577,151387.0960438472,151387.0960438472
2578,83361.39191872138,83361.39191872138
2579,52664.61493035349,52664.61493035349
2580,114121.84129147127,114121.84129147127
2581,118859.84935020033,118859.84935020033
2582,153602.49368531237,153602.49368531237
2583,274098.70802545117,274098.70802545117
2584,179201.49262952336,179201.49262952336
2585,170037.10433950182,170037.10433950182
2586,204452.3446142277,204452.3446142277
2587,191181.33577006072,191181.33577006072
2588,137868.41214354848,137868.41214354848
2589,136270.78998099844,136270.78998099844
2590,195942.1337872314,195942.1337872314
2591,246253.51346216112,246253.51346216112
2592,223648.44407454153,223648.44407454153
2593,259595.54287947566,259595.54287947566
2594,184497.1551420607,184497.1551420607
2595,235122.82025749903,235122.82025749903
2596,264988.6598464613,264988.6598464613
2597,201758.23877074858,201758.23877074858
2598,286871.1900122663,286871.1900122663
2599,376657.25001451,376657.25001451
2600,264216.8799974745,264216.8799974745
2601,143058.12578010972,143058.12578010972
2602,67405.0353051998,67405.0353051998
2603,87031.16163408324,87031.16163408324
2604,86427.46330960942,86427.46330960942
2605,57756.84349065632,57756.84349065632
2606,130574.30355216186,130574.30355216186
2607,200998.43356191393,200998.43356191393
2608,215819.92141417164,215819.92141417164
2609,151337.60598109037,151337.60598109037
2610,117471.28520512838,117471.28520512838
2611,248095.27312817777,248095.27312817777
2612,134591.54823351526,134591.54823351526
2613,122681.7441174732,122681.7441174732
2614,109042.1743110606,109042.1743110606
2615,153623.4210073677,153623.4210073677
2616,157636.43969967344,157636.43969967344
2617,176918.87839000887,176918.87839000887
2618,160395.66142692033,160395.66142692033
2619,203477.03734261612,203477.03734261612
2620,186748.53562175384,186748.53562175384
2621,174198.78449201683,174198.78449201683
2622,179992.77297674905,179992.77297674905
2623,225761.40967505416,225761.40967505416
2624,292205.9486870188,292205.9486870188
2625,301507.74987206684,301507.74987206684
2626,173296.03138034418,173296.03138034418
2627,180983.53440287718,180983.53440287718
2628,476762.20468915673,476762.20468915673
2629,501151.2732072759,501151.2732072759
2630,416888.4018663756,416888.4018663756
2631,447763.17059979844,447763.17059979844
2632,411899.11264352093,411899.11264352093
2633,335293.01767375844,335293.01767375844
2634,433685.5133192707,433685.5133192707
2635,142366.83109203778,142366.83109203778
2636,169797.5766135414,169797.5766135414
2637,196389.4966643424,196389.4966643424
2638,268162.98747591674,268162.98747591674
2639,183414.67163946386,183414.67163946386
2640,148926.59225688945,148926.59225688945
2641,96271.94327340188,96271.94327340188
2642,162008.2848430429,162008.2848430429
2643,96580.95596974275,96580.95596974275
2644,105023.80287253277,105023.80287253277
2645,111626.46246909078,111626.46246909078
2646,95887.62578698841,95887.62578698841
2647,108186.14956308619,108186.14956308619
2648,149105.92638147934,149105.92638147934
2649,152867.81722053618,152867.81722053618
2650,147359.3200015646,147359.3200015646
2651,139813.49617487116,139813.49617487116
2652,369371.5984508543,369371.5984508543
2653,271712.17347632477,271712.17347632477
2654,286764.17044353177,286764.17044353177
2655,413834.3814938825,413834.3814938825
2656,320813.1185142858,320813.1185142858
2657,373231.522899675,373231.522899675
2658,343001.6595606415,343001.6595606415
2659,358435.1489984968,358435.1489984968
2660,366293.0930824501,366293.0930824501
2661,399612.98978879396,399612.98978879396
2662,391224.7165350622,391224.7165350622
2663,280185.09580659063,280185.09580659063
2664,312446.5045272161,312446.5045272161
2665,323394.60028172634,323394.60028172634
2666,329323.66485206294,329323.66485206294
2667,175971.81768681156,175971.81768681156
2668,183768.32796912215,183768.32796912215
2669,194083.28580430715,194083.28580430715
2670,269268.64214261004,269268.64214261004
2671,190016.54789225035,190016.54789225035
2672,200826.81597603904,200826.81597603904
2673,192455.4424112937,192455.4424112937
2674,193444.50970377168,193444.50970377168
2675,203355.99613183888,203355.99613183888
2676,186777.25362429456,186777.25362429456
2677,201180.43468526326,201180.43468526326
2678,234365.08180274488,234365.08180274488
2679,273474.68650279345,273474.68650279345
2680,286802.24194179237,286802.24194179237
2681,373998.9552178847,373998.9552178847
2682,312369.1729480589,312369.1729480589
2683,462225.87933785317,462225.87933785317
2684,326040.51322588115,326040.51322588115
2685,318933.8970016831,318933.8970016831
2686,249977.6688780861,249977.6688780861
2687,299733.9987362266,299733.9987362266
2688,235044.8186479992,235044.8186479992
2689,235365.13352407457,235365.13352407457
2690,358134.26930608717,358134.26930608717
2691,197012.18350207177,197012.18350207177
2692,175193.92480195433,175193.92480195433
2693,210367.78505162004,210367.78505162004
2694,146649.93504271065,146649.93504271065
2695,196291.57408245042,196291.57408245042
2696,181088.770008147,181088.770008147
2697,185211.07584773793,185211.07584773793
2698,199072.97654919277,199072.97654919277
2699,158942.531932074,158942.531932074
2700,147358.51457695803,147358.51457695803
2701,131145.08413409407,131145.08413409407
2702,85183.20426199104,85183.20426199104
2703,108812.80564157169,108812.80564157169
2704,157942.29639693093,157942.29639693093
2705,98052.35922971403,98052.35922971403
2706,76961.80063360048,76961.80063360048
2707,103475.60395386214,103475.60395386214
2708,138449.48789172558,138449.48789172558
2709,116071.51827388037,116071.51827388037
2710,120454.68347077598,120454.68347077598
2711,447040.83637917775,447040.83637917775
2712,416464.17451774445,416464.17451774445
2713,157504.48133015432,157504.48133015432
2714,133692.50173512392,133692.50173512392
2715,178767.39378636307,178767.39378636307
2716,125099.92074911053,125099.92074911053
2717,203566.801896991,203566.801896991
2718,206161.37489337946,206161.37489337946
2719,152595.2858284011,152595.2858284011
2720,174942.7911191731,174942.7911191731
2721,114438.57928326505,114438.57928326505
2722,140073.1427064981,140073.1427064981
2723,131685.65795775206,131685.65795775206
2724,132036.244187235,132036.244187235
2725,122687.40531897379,122687.40531897379
2726,128686.90265267194,128686.90265267194
2727,190366.5201268274,190366.5201268274
2728,189050.04393241505,189050.04393241505
2729,144602.97024488216,144602.97024488216
2730,151690.6556623995,151690.6556623995
2731,120969.38226789601,120969.38226789601
2732,134358.34874871565,134358.34874871565
2733,161914.3538765963,161914.3538765963
2734,180854.30468302843,180854.30468302843
2735,130236.07123761854,130236.07123761854
2736,147219.3530282998,147219.3530282998
2737,125851.8975962273,125851.8975962273
2738,130982.04012446463,130982.04012446463
2739,134133.40865162396,134133.40865162396
2740,133378.8975486115,133378.8975486115
2741,139344.79871309048,139344.79871309048
2742,151611.12702825502,151611.12702825502
2743,153325.46812036377,153325.46812036377
2744,160598.3641125638,160598.3641125638
2745,140954.72654535912,140954.72654535912
2746,132671.11813197687,132671.11813197687
2747,169564.43538429606,169564.43538429606
2748,123368.50405841046,123368.50405841046
2749,131960.0262781637,131960.0262781637
2750,121240.81271212143,121240.81271212143
2751,132724.74995323503,132724.74995323503
2752,207347.13537795,207347.13537795
2753,159875.8420862875,159875.8420862875
2754,225939.74551353685,225939.74551353685
2755,130646.91000782969,130646.91000782969
2756,89214.20605606522,89214.20605606522
2757,58427.784590491065,58427.784590491065
2758,62504.289695262654,62504.289695262654
2759,178574.20610480977,178574.20610480977
2760,110034.51971669032,110034.51971669032
2761,133515.44724595238,133515.44724595238
2762,140627.80752765524,140627.80752765524
2763,199157.99799749447,199157.99799749447
2764,166344.08725080444,166344.08725080444
2765,296810.6162252863,296810.6162252863
2766,141019.65263267027,141019.65263267027
2767,83495.68053966861,83495.68053966861
2768,124359.85998455636,124359.85998455636
2769,133918.2271975037,133918.2271975037
2770,131824.28371904485,131824.28371904485
2771,101909.68609334067,101909.68609334067
2772,107752.02746346568,107752.02746346568
2773,163204.06797137178,163204.06797137178
2774,153171.01044806224,153171.01044806224
2775,117393.81151796794,117393.81151796794
2776,136069.21959638136,136069.21959638136
2777,145042.62512607194,145042.62512607194
2778,113928.92791267308,113928.92791267308
2779,114802.06538071996,114802.06538071996
2780,106421.33311996202,106421.33311996202
2781,93309.7293143922,93309.7293143922
2782,94911.21247002989,94911.21247002989
2783,93230.5829928201,93230.5829928201
2784,133840.41497404524,133840.41497404524
2785,134981.3062786852,134981.3062786852
2786,47513.7998324089,47513.7998324089
2787,128772.08655622439,128772.08655622439
2788,71036.44162811575,71036.44162811575
2789,145221.3575843492,145221.3575843492
2790,104763.61478898284,104763.61478898284
2791,107538.5021803158,107538.5021803158
2792,77811.8138071343,77811.8138071343
2793,181621.80080184978,181621.80080184978
2794,95374.51233153355,95374.51233153355
2795,119641.83086069739,119641.83086069739
2796,99125.81353493198,99125.81353493198
2797,219299.72436232818,219299.72436232818
2798,105901.05694637098,105901.05694637098
2799,105579.1782962475,105579.1782962475
2800,69681.86769105075,69681.86769105075
2801,116726.70857136718,116726.70857136718
2802,139519.1879582774,139519.1879582774
2803,164565.75909290067,164565.75909290067
2804,149513.15462126664,149513.15462126664
2805,107793.26545405378,107793.26545405378
2806,74400.39381546986,74400.39381546986
2807,271131.9383567615,271131.9383567615
2808,146751.24836521223,146751.24836521223
2809,139171.01279775304,139171.01279775304
2810,129156.24310466892,129156.24310466892
2811,158743.64926432367,158743.64926432367
2812,168503.0698752511,168503.0698752511
2813,145899.46436084816,145899.46436084816
2814,149640.03662281382,149640.03662281382
2815,104329.28711083032,104329.28711083032
2816,213684.7737992275,213684.7737992275
2817,149124.9072646326,149124.9072646326
2818,132543.72166103616,132543.72166103616
2819,181043.20144381287,181043.20144381287
2820,131460.6508184769,131460.6508184769
2821,107360.27408366847,107360.27408366847
2822,191677.05504641135,191677.05504641135
2823,314359.6912895725,314359.6912895725
2824,163403.17082889826,163403.17082889826
2825,142279.88632049976,142279.88632049976
2826,123350.18746092348,123350.18746092348
2827,121585.72323615184,121585.72323615184
2828,222614.1825253825,222614.1825253825
2829,195770.82364826952,195770.82364826952
2830,223398.75886123252,223398.75886123252
2831,197798.254872108,197798.254872108
2832,245941.30682072556,245941.30682072556
2833,315377.97476035915,315377.97476035915
2834,244680.1263672963,244680.1263672963
2835,248635.4880213687,248635.4880213687
2836,188633.77621442688,188633.77621442688
2837,147438.76512049284,147438.76512049284
2838,147746.00456202132,147746.00456202132
2839,175022.9076801039,175022.9076801039
2840,201148.84461081342,201148.84461081342
2841,207408.1320967257,207408.1320967257
2842,218624.44520275661,218624.44520275661
2843,169640.64849167864,169640.64849167864
2844,165023.9236388812,165023.9236388812
2845,133093.00584441086,133093.00584441086
2846,216350.83749567458,216350.83749567458
2847,210749.98964731177,210749.98964731177
2848,221185.43863554153,221185.43863554153
2849,194010.41624667763,194010.41624667763
2850,264577.68227137974,264577.68227137974
2851,205799.58797980906,205799.58797980906
2852,217285.61274484903,217285.61274484903
2853,224842.30699594162,224842.30699594162
2854,144237.904902001,144237.904902001
2855,199161.4604677115,199161.4604677115
2856,196379.13479173867,196379.13479173867
2857,191329.7211328157,191329.7211328157
2858,206616.76028064633,206616.76028064633
2859,81104.41231284491,81104.41231284491
2860,155382.85750209226,155382.85750209226
2861,125832.54016082155,125832.54016082155
2862,190242.53000278756,190242.53000278756
2863,169734.23222963949,169734.23222963949
2864,254754.2105278325,254754.2105278325
2865,163680.06069060677,163680.06069060677
2866,141145.51360934554,141145.51360934554
2867,94531.61788785076,94531.61788785076
2868,104604.14782722805,104604.14782722805
2869,96650.8225606065,96650.8225606065
2870,132597.5981031694,132597.5981031694
2871,62761.05401121412,62761.05401121412
2872,16368.472834712054,16368.472834712054
2873,89583.40626754804,89583.40626754804
2874,128864.20443415052,128864.20443415052
2875,119547.7088477793,119547.7088477793
2876,169583.50312840554,169583.50312840554
2877,160273.90571492043,160273.90571492043
2878,155351.2872913726,155351.2872913726
2879,142600.12906173343,142600.12906173343
2880,92781.18608019457,92781.18608019457
2881,169228.05671659228,169228.05671659228
2882,195698.842835418,195698.842835418
2883,191986.72511206346,191986.72511206346
2884,197003.98158739478,197003.98158739478
2885,179745.3700487103,179745.3700487103
2886,265516.0778795398,265516.0778795398
2887,115817.58502635169,115817.58502635169
2888,150703.35910011892,150703.35910011892
2889,52031.66960622286,52031.66960622286
2890,74748.02412154156,74748.02412154156
2891,145994.15983469563,145994.15983469563
2892,52632.75657310079,52632.75657310079
2893,102773.10888476425,102773.10888476425
2894,20896.74260828203,20896.74260828203
2895,319339.8013873219,319339.8013873219
2896,287202.7565943403,287202.7565943403
2897,221235.8985200812,221235.8985200812
2898,138159.00619771704,138159.00619771704
2899,215662.64227045863,215662.64227045863
2900,151442.96973996726,151442.96973996726
2901,212534.2248225111,212534.2248225111
2902,166061.49533664412,166061.49533664412
2903,319815.1194906847,319815.1194906847
2904,331332.042678925,331332.042678925
2905,102867.8732064075,102867.8732064075
2906,189569.2821718688,189569.2821718688
2907,103666.44822771157,103666.44822771157
2908,105838.67881151263,105838.67881151263
2909,139850.4557890061,139850.4557890061
2910,78314.15612630596,78314.15612630596
2911,73552.9069816278,73552.9069816278
2912,157764.42144757742,157764.42144757742
2913,46879.64254335908,46879.64254335908
2914,61284.41546406838,61284.41546406838
2915,74098.72903937555,74098.72903937555
2916,58942.8581230125,58942.8581230125
2917,151600.5760214532,151600.5760214532
2918,128201.76062218031,128201.76062218031
2919,212122.39158694737,212122.39158694737
